9833f5e1fc988665868bdaedbeadac43417953df,DELETE,regular-file,copied_cross_attention/down_blocks.1.attentions.1.transformer_blocks.0.attn2.processor_k.bin,394329,
90e2ef7cbfbd8b077518100257958afccccb5004,DELETE,regular-file,copied_cross_attention/down_blocks.1.attentions.1.transformer_blocks.0.attn2.processor_v.bin,394329,
2462d51c91996170a2e99bf1b63e639cefccbe0c,DELETE,regular-file,copied_cross_attention/down_blocks.1.attentions.1.transformer_blocks.1.attn2.processor_k.bin,394329,
e4eecafcfc826f0ba700989add0c9617468117a9,DELETE,regular-file,copied_cross_attention/down_blocks.1.attentions.1.transformer_blocks.1.attn2.processor_v.bin,394329,
96f190e128f52d6f1e64a61d5424b4d0ac018d2a,DELETE,regular-file,copied_cross_attention/down_blocks.1.attentions.5.transformer_blocks.0.attn2.processor_k.bin,394329,
32e70a2060e88adf32bb05da2d7e728332d781da,DELETE,regular-file,copied_cross_attention/down_blocks.1.attentions.5.transformer_blocks.0.attn2.processor_v.bin,394329,
e0523c7ffe07da879d57e5b917cfc9da099bb6e8,DELETE,regular-file,copied_cross_attention/down_blocks.1.attentions.5.transformer_blocks.1.attn2.processor_k.bin,394329,
07cff878aad316ce243c5c61763a52bd4d5da77b,DELETE,regular-file,copied_cross_attention/down_blocks.1.attentions.5.transformer_blocks.1.attn2.processor_v.bin,394329,
234b82dafb8b188a0c62a055276554de7f314ff4,DELETE,regular-file,copied_cross_attention/down_blocks.2.attentions.1.transformer_blocks.0.attn2.processor_k.bin,590937,
36d3cf305c7b0bfb938fe9856b3707ee4f68224d,DELETE,regular-file,copied_cross_attention/down_blocks.2.attentions.1.transformer_blocks.0.attn2.processor_v.bin,590937,
ffa92051df0d1b59d66469361d9a2f30fcf94b77,DELETE,regular-file,copied_cross_attention/down_blocks.2.attentions.1.transformer_blocks.1.attn2.processor_k.bin,590937,
3828bb07885c932eec6f81771ce1f9a45ca1c0ec,DELETE,regular-file,copied_cross_attention/down_blocks.2.attentions.1.transformer_blocks.1.attn2.processor_v.bin,590937,
ad9a4b97e463bf6ad83e9b0f36866ccdcc2b045d,DELETE,regular-file,copied_cross_attention/down_blocks.2.attentions.5.transformer_blocks.0.attn2.processor_k.bin,590937,
0cf76520520e987f585bb76274b68872d77cc7f1,DELETE,regular-file,copied_cross_attention/down_blocks.2.attentions.5.transformer_blocks.0.attn2.processor_v.bin,590937,
7156e62181d6f65ddc660601cdcf7f399c0f2314,DELETE,regular-file,copied_cross_attention/down_blocks.2.attentions.5.transformer_blocks.1.attn2.processor_k.bin,590937,
56ec1ce9e675e6d7239c5b8e279483cd4905ed21,DELETE,regular-file,copied_cross_attention/down_blocks.2.attentions.5.transformer_blocks.1.attn2.processor_v.bin,590937,
03470bfda4d63f34e16cab199cc321a1a099579b,DELETE,regular-file,copied_cross_attention/down_blocks.3.attentions.1.transformer_blocks.0.attn2.processor_k.bin,984153,
2c8f09422e243f373ceb6693838dadf9df76a958,DELETE,regular-file,copied_cross_attention/down_blocks.3.attentions.1.transformer_blocks.0.attn2.processor_v.bin,984153,
36714d5422ef4cbd472d9656eeac38d4aaa1c38d,DELETE,regular-file,copied_cross_attention/down_blocks.3.attentions.1.transformer_blocks.1.attn2.processor_k.bin,984153,
c0361636be911696340ddcc1d2e10ffb052d950e,DELETE,regular-file,copied_cross_attention/down_blocks.3.attentions.1.transformer_blocks.1.attn2.processor_v.bin,984153,
52efc8c4db62ad0d0388efb50c729c732111df3f,DELETE,regular-file,copied_cross_attention/down_blocks.3.attentions.5.transformer_blocks.0.attn2.processor_k.bin,984153,
e40e552f2cbc57395f1ca9355191318d70357666,DELETE,regular-file,copied_cross_attention/down_blocks.3.attentions.5.transformer_blocks.0.attn2.processor_v.bin,984153,
879dfe0432c5f34b5ac9fa0cd72b84837ef80452,DELETE,regular-file,copied_cross_attention/down_blocks.3.attentions.5.transformer_blocks.1.attn2.processor_k.bin,984153,
b2fdb9a5b1758c56b1128641a60612f6ddf08355,DELETE,regular-file,copied_cross_attention/down_blocks.3.attentions.5.transformer_blocks.1.attn2.processor_v.bin,984153,
f52690b21e591298d56c194cd8f8a4c19906ecd3,DELETE,regular-file,copied_cross_attention/mid_block.attentions.1.transformer_blocks.0.attn2.processor_k.bin,984141,
8a8cb612fbfe40ad77ed3e0f06d5b7cb4e340d22,DELETE,regular-file,copied_cross_attention/mid_block.attentions.1.transformer_blocks.0.attn2.processor_v.bin,984141,
01c0f9b595d36b8a8964ec06df3af53dbe113d28,DELETE,regular-file,copied_cross_attention/mid_block.attentions.1.transformer_blocks.1.attn2.processor_k.bin,984141,
2d2a2b40602012605ac09850a3366803db7ee4e8,DELETE,regular-file,copied_cross_attention/mid_block.attentions.1.transformer_blocks.1.attn2.processor_v.bin,984141,
b69828877aace68077e6854c4ac9f12680ca69d0,DELETE,regular-file,copied_cross_attention/up_blocks.0.attentions.1.transformer_blocks.0.attn2.processor_k.bin,984147,
996eb6b81f8db13b80be95e722409952057474da,DELETE,regular-file,copied_cross_attention/up_blocks.0.attentions.1.transformer_blocks.0.attn2.processor_v.bin,984147,
16d49b8ec6cd4582c193d1e18b8c8244f4e0e377,DELETE,regular-file,copied_cross_attention/up_blocks.0.attentions.1.transformer_blocks.1.attn2.processor_k.bin,984147,
b56a8dc2931d991f82254480f1846eb17a438222,DELETE,regular-file,copied_cross_attention/up_blocks.0.attentions.1.transformer_blocks.1.attn2.processor_v.bin,984147,
1f0b463c2e7e856e503b4190241e590967489292,DELETE,regular-file,copied_cross_attention/up_blocks.0.attentions.5.transformer_blocks.0.attn2.processor_k.bin,984147,
be9276c03459eb053bb77241c6b86177d663b58e,DELETE,regular-file,copied_cross_attention/up_blocks.0.attentions.5.transformer_blocks.0.attn2.processor_v.bin,984147,
92680f14daa87ed6bd00e4271c6c0d7ec942a3f9,DELETE,regular-file,copied_cross_attention/up_blocks.0.attentions.5.transformer_blocks.1.attn2.processor_k.bin,984147,
064eed60d43ca342a7ccd70d46228cb57ebb4308,DELETE,regular-file,copied_cross_attention/up_blocks.0.attentions.5.transformer_blocks.1.attn2.processor_v.bin,984147,
6aff8f1a4bfc663bfe3cfb1f97e00797a1fe5e99,DELETE,regular-file,copied_cross_attention/up_blocks.0.attentions.9.transformer_blocks.0.attn2.processor_k.bin,984147,
efcc0b99b8ac27aeda222eb026f137a7de1f1804,DELETE,regular-file,copied_cross_attention/up_blocks.0.attentions.9.transformer_blocks.0.attn2.processor_v.bin,984147,
12220bada426642868ee839e1c74f28f782040f5,DELETE,regular-file,copied_cross_attention/up_blocks.0.attentions.9.transformer_blocks.1.attn2.processor_k.bin,984147,
75cb3d20b9fa9cadaf1cb56a7f84dc605fb691fd,DELETE,regular-file,copied_cross_attention/up_blocks.0.attentions.9.transformer_blocks.1.attn2.processor_v.bin,984147,
da33b63115792ef113c594aabdac506a2e9c7005,DELETE,regular-file,copied_cross_attention/up_blocks.1.attentions.1.transformer_blocks.0.attn2.processor_k.bin,590931,
e36f21d3d6c7e5cccaa514a0a527adfc2c59b4b8,DELETE,regular-file,copied_cross_attention/up_blocks.1.attentions.1.transformer_blocks.0.attn2.processor_v.bin,590931,
09e0884d4a26a5edb75ed542b90a25dd0ace3926,DELETE,regular-file,copied_cross_attention/up_blocks.1.attentions.1.transformer_blocks.1.attn2.processor_k.bin,590931,
6c0a8e8b0131491cc6b62184a9cc9945750e7b07,DELETE,regular-file,copied_cross_attention/up_blocks.1.attentions.1.transformer_blocks.1.attn2.processor_v.bin,590931,
232c5727eacabd48cd96d1136ce41bb09d56c787,DELETE,regular-file,copied_cross_attention/up_blocks.1.attentions.5.transformer_blocks.0.attn2.processor_k.bin,590931,
246209470e80db55427f389eea662c82d1bf1a52,DELETE,regular-file,copied_cross_attention/up_blocks.1.attentions.5.transformer_blocks.0.attn2.processor_v.bin,590931,
a1aa6aa0e2c6f5a52c6d7338ab47e07e7825464e,DELETE,regular-file,copied_cross_attention/up_blocks.1.attentions.5.transformer_blocks.1.attn2.processor_k.bin,590931,
f7405e5e36cbf57b3fc40a21ba57f34d214a7ff1,DELETE,regular-file,copied_cross_attention/up_blocks.1.attentions.5.transformer_blocks.1.attn2.processor_v.bin,590931,
46a0566518b6e20744f62f96aba12ac79963ec56,DELETE,regular-file,copied_cross_attention/up_blocks.1.attentions.9.transformer_blocks.0.attn2.processor_k.bin,590931,
a6110c9e88fc20de0b7efd2aded8b5511b0fd824,DELETE,regular-file,copied_cross_attention/up_blocks.1.attentions.9.transformer_blocks.0.attn2.processor_v.bin,590931,
a754c8fb255996ab41a7fa1542dce14d8f78f35d,DELETE,regular-file,copied_cross_attention/up_blocks.1.attentions.9.transformer_blocks.1.attn2.processor_k.bin,590931,
41c949f7071d46bf64eeaab5d660d3975d155b73,DELETE,regular-file,copied_cross_attention/up_blocks.1.attentions.9.transformer_blocks.1.attn2.processor_v.bin,590931,
103b2145b58ed23704e706c8a87c199448180658,DELETE,regular-file,copied_cross_attention/up_blocks.2.attentions.1.transformer_blocks.0.attn2.processor_k.bin,394323,
11763eba2bc0d0001bed81879073eb09454b4411,DELETE,regular-file,copied_cross_attention/up_blocks.2.attentions.1.transformer_blocks.0.attn2.processor_v.bin,394323,
83ae66abb8665303800fb23d5313306a5377b8d4,DELETE,regular-file,copied_cross_attention/up_blocks.2.attentions.1.transformer_blocks.1.attn2.processor_k.bin,394323,
920dd50466ff0295d8bdc3297de2b27f1780e123,DELETE,regular-file,copied_cross_attention/up_blocks.2.attentions.1.transformer_blocks.1.attn2.processor_v.bin,394323,
230c81e2a58adae2a1d53cd9b2e0193c28b2eb2b,DELETE,regular-file,copied_cross_attention/up_blocks.2.attentions.5.transformer_blocks.0.attn2.processor_k.bin,394323,
bcf90a03a91c6652f5bfd5acdd759d998ab312df,DELETE,regular-file,copied_cross_attention/up_blocks.2.attentions.5.transformer_blocks.0.attn2.processor_v.bin,394323,
3474135356eb852264401773f606fe998079b675,DELETE,regular-file,copied_cross_attention/up_blocks.2.attentions.5.transformer_blocks.1.attn2.processor_k.bin,394323,
c0e27e43d408d5e10eb3ad512a490c4370d56cd6,DELETE,regular-file,copied_cross_attention/up_blocks.2.attentions.5.transformer_blocks.1.attn2.processor_v.bin,394323,
896f22420285cae288becb6fa94821ddb7bf8808,DELETE,regular-file,copied_cross_attention/up_blocks.2.attentions.9.transformer_blocks.0.attn2.processor_k.bin,394323,
7b227db2ec14c2f4bd5a236f4478b30686ef5e38,DELETE,regular-file,copied_cross_attention/up_blocks.2.attentions.9.transformer_blocks.0.attn2.processor_v.bin,394323,
249d27e0beec8bb17d5835cdb824a090ec5f8f01,DELETE,regular-file,copied_cross_attention/up_blocks.2.attentions.9.transformer_blocks.1.attn2.processor_k.bin,394323,
6a0f2099034ce1a4fbd2d250908ea1a305d65d17,DELETE,regular-file,copied_cross_attention/up_blocks.2.attentions.9.transformer_blocks.1.attn2.processor_v.bin,394323,
